"Country","Death_total","Death_totalfire","Death_CAfire"
"Canada",6767.43945084814,2866.02421454846,2727.76951660064
"United States of America",61509.6240449773,14130.5435372098,10900.3337286786
